{
   "components" : {
      "sCameraComponent" : {
         "far" : 1300,
         "fov" : 45,
         "near" : 200,
         "projection" : "ORTHOGRAPHIC_3D",
         "projection_size" : 520,
         "viewport" : {
            "extent" : {
               "height" : 1,
               "width" : 1
            },
            "offset" : {
               "x" : 0,
               "y" : 0
            }
         },
         "zoom" : 1
      },
      "sNameComponent" : {
         "name" : "CAMERA"
      },
      "sScriptComponent" : {
         "scripts" : [
            {
               "name" : "CameraScript"
            }
         ]
      },
      "sTransformComponent" : {
         "pos" : {
            "x" : 675.994384765625,
            "y" : 468.94912719726563,
            "z" : 552.669921875
         },
         "rotation" : {
            "x" : -34.999996185302734,
            "y" : 46.999992370605469,
            "z" : 0
         },
         "scale" : {
            "x" : 0.99999803304672241,
            "y" : 0.99999946355819702,
            "z" : 0.99999958276748657
         }
      }
   },
   "name" : "CAMERA",
   "tag" : ""
}
