{
   "components" : {
      "sCameraComponent" : {
         "projection" : "PERSPECTIVE",
         "viewport" : {
            "extent" : {
               "height" : 1,
               "width" : 1
            },
            "offset" : {
               "x" : 0,
               "y" : 0
            }
         },
         "zoom" : 1
      },
      "sNameComponent" : {
         "name" : "CAMERA"
      },
      "sTransformComponent" : {
         "pos" : {
            "x" : 650,
            "y" : 450,
            "z" : 600
         },
         "rotation" : {
            "x" : -34.999996185302734,
            "y" : 46.999992370605469,
            "z" : 0
         },
         "scale" : {
            "x" : 0.99999994039535522,
            "y" : 0.99999994039535522,
            "z" : 0.99999988079071045
         }
      }
   },
   "name" : "CAMERA",
   "tag" : ""
}
