{
   "components" : {
      "sNameComponent" : {
         "name" : "ENEMY_EXPLOSION"
      },
      "sParticleEmitterComponent" : {
         "angle" : 338.71002197265625,
         "angle_variance" : 0,
         "color" : {
            "finish" : {
               "a" : 0,
               "b" : 1,
               "g" : 0,
               "r" : 0.72549021244049072
            },
            "start" : {
               "a" : 1,
               "b" : 1,
               "g" : 0,
               "r" : 0.73333334922790527
            }
         },
         "emitter_life" : 0.64500004053115845,
         "life" : 73,
         "life_variance" : 0,
         "rate" : 0,
         "size" : {
            "finish" : 0.16100001335144043,
            "finish_variance" : 0,
            "start" : 0.32300001382827759,
            "start_variance" : 0
         },
         "spawn_nb" : 1,
         "speed" : 12.903000831604004,
         "speed_variance" : 2.1510000228881836,
         "texture" : ""
      },
      "sRenderComponent" : {
         "animated" : false,
         "animations" : [],
         "color" : {
            "a" : 1,
            "b" : 1.0039216279983521,
            "g" : 0,
            "r" : 1
         },
         "ignore_raycast" : false,
         "model" : "resources/models/characters/enemy.DAE",
         "texture" : "",
         "type" : "MESH"
      },
      "sTransformComponent" : {
         "pos" : {
            "x" : 213.03327941894531,
            "y" : 18.75,
            "z" : 100
         },
         "rotation" : {
            "x" : 0,
            "y" : 3.0517578125e-05,
            "z" : 0
         },
         "scale" : {
            "x" : 0.71669149398803711,
            "y" : 0.91669178009033203,
            "z" : 0.91669297218322754
         }
      },
      "sTypeComponent" : {
         "type" : "CHARACTER"
      }
   },
   "name" : "ENEMY_EXPLOSION"
}
