{
   "components" : {
      "sLightComponent" : {
         "ambient" : {
            "x" : 0.30000001192092896,
            "y" : 0.30000001192092896,
            "z" : 0.30000001192092896
         },
         "diffuse" : {
            "x" : 1,
            "y" : 1,
            "z" : 1
         },
         "direction" : {
            "x" : -0.4377860426902771,
            "y" : -0.71845251321792603,
            "z" : -0.54052692651748657
         }
      },
      "sNameComponent" : {
         "name" : "LIGHT"
      },
      "sTransformComponent" : {
         "pos" : {
            "x" : 358.12460327148438,
            "y" : 203.8074951171875,
            "z" : 280.68218994140625
         },
         "rotation" : {
            "x" : 39.243698120117188,
            "y" : -31.303653717041016,
            "z" : -54.352916717529297
         },
         "scale" : {
            "x" : 1.9999793767929077,
            "y" : 5.2489604949951172,
            "z" : 1.999961256980896
         }
      }
   },
   "name" : "LIGHT",
   "tag" : ""
}
