{
   "components" : {
      "sLightComponent" : {
         "ambient" : {
            "x" : 0.30000001192092896,
            "y" : 0.30000001192092896,
            "z" : 0.30000001192092896
         },
         "diffuse" : {
            "x" : 1,
            "y" : 1,
            "z" : 1
         },
         "direction" : {
            "x" : -0.67033356428146362,
            "y" : -0.74205988645553589,
            "z" : 0
         }
      },
      "sNameComponent" : {
         "name" : "LIGHT"
      },
      "sTransformComponent" : {
         "pos" : {
            "x" : 358.12460327148438,
            "y" : 203.8074951171875,
            "z" : 280.68218994140625
         },
         "rotation" : {
            "x" : 0,
            "y" : -0,
            "z" : -42.092815399169922
         },
         "scale" : {
            "x" : 1.999997615814209,
            "y" : 5.2489719390869141,
            "z" : 2
         }
      }
   },
   "name" : "LIGHT",
   "tag" : ""
}
